<?xml version="1.0" encoding="utf-8" standalone="yes" ?>
<rss version="2.0" xmlns:atom="http://www.w3.org/2005/Atom">
  <channel>
    <title>Tags on Soul at Crossroad | DIGNUM ET IUSTUM EST</title>
    <link>https://soulatcrossroad.com/tags/</link>
    <description>Recent content in Tags on Soul at Crossroad | DIGNUM ET IUSTUM EST</description>
    <generator>Hugo -- gohugo.io</generator>
    <language>en-us</language>
    
	<atom:link href="https://soulatcrossroad.com/tags/index.xml" rel="self" type="application/rss+xml" />
    
    
  </channel>
</rss>